{
  "BlastOutput2": {
    "report": {
      "program": "blastp",
      "version": "BLASTP 2.16.0+",
      "reference": "Stephen F. Altschul, Thomas L. Madden, Alejandro A. Sch&auml;ffer, Jinghui Zhang, Zheng Zhang, Webb Miller, and David J. Lipman (1997), \"Gapped BLAST and PSI-BLAST: a new generation of protein database search programs\", Nucleic Acids Res. 25:3389-3402.",
      "search_target": {
        "db": "nr"
      },
      "params": {
        "matrix": "BLOSUM62",
        "expect": 10,
        "gap_open": 11,
        "gap_extend": 1,
        "filter": "F",
        "cbs": 2
      },
      "results": {
        "search": {
          "query_id": "5LI1_B",
          "query_title": "Chain B, Par-3 partitioning defective 3 homolog (C. elegans) [Xenopus tropicalis]",
          "query_len": 20,
          "hits": [
            {
              "num": 1,
              "description": [
                {
                  "id": "gb|MEQ2268300.1|",
                  "accession": "MEQ2268300",
                  "title": "Partitioning defective 3 [Xenotaenia resolanae]",
                  "taxid": 208358,
                  "sciname": "Xenotaenia resolanae"
                }
              ],
              "len": 104,
              "hsps": [
                {
                  "num": 1,
                  "bit_score": 44.2838,
                  "score": 103,
                  "evalue": 0.000492086,
                  "identity": 20,
                  "positive": 20,
                  "query_from": 1,
                  "query_to": 20,
                  "hit_from": 64,
                  "hit_to": 83,
                  "align_len": 20,
                  "gaps": 0,
                  "qseq": "LAFQREGFGRQSMSEKRTKQ",
                  "hseq": "LAFQREGFGRQSMSEKRTKQ",
                  "midline": "LAFQREGFGRQSMSEKRTKQ"
                }
              ]
            },
            {
              "num": 2,
              "description": [
                {
                  "id": "pdb|4DC2|Z",
                  "accession": "4DC2_Z",
                  "title": "Chain Z, Partitioning defective 3 homolog [Rattus norvegicus]",
                  "taxid": 10116,
                  "sciname": "Rattus norvegicus"
                }
              ],
              "len": 28,
              "hsps": [
                {
                  "num": 1,
                  "bit_score": 42.3578,
                  "score": 98,
                  "evalue": 0.000630094,
                  "identity": 20,
                  "positive": 20,
                  "query_from": 1,
                  "query_to": 20,
                  "hit_from": 4,
                  "hit_to": 23,
                  "align_len": 20,
                  "gaps": 0,
                  "qseq": "LAFQREGFGRQSMSEKRTKQ",
                  "hseq": "LAFQREGFGRQSMSEKRTKQ",
                  "midline": "LAFQREGFGRQSMSEKRTKQ"
                }
              ]
            },
            {
              "num": 3,
              "description": [
                {
                  "id": "gb|MED6256465.1|",
                  "accession": "MED6256465",
                  "title": "Partitioning defective 3 [Ataeniobius toweri]",
                  "taxid": 208326,
                  "sciname": "Ataeniobius toweri"
                }
              ],
              "len": 126,
              "hsps": [
                {
                  "num": 1,
                  "bit_score": 43.8986,
                  "score": 102,
                  "evalue": 0.000941219,
                  "identity": 20,
                  "positive": 20,
                  "query_from": 1,
                  "query_to": 20,
                  "hit_from": 64,
                  "hit_to": 83,
                  "align_len": 20,
                  "gaps": 0,
                  "qseq": "LAFQREGFGRQSMSEKRTKQ",
                  "hseq": "LAFQREGFGRQSMSEKRTKQ",
                  "midline": "LAFQREGFGRQSMSEKRTKQ"
                }
              ]
            },
            {
              "num": 4,
              "description": [
                {
                  "id": "pdb|5LI1|B",
                  "accession": "5LI1_B",
                  "title": "Chain B, Par-3 partitioning defective 3 homolog (C. elegans) [Xenopus tropicalis]",
                  "taxid": 8364,
                  "sciname": "Xenopus tropicalis"
                }
              ],
              "len": 20,
              "hsps": [
                {
                  "num": 1,
                  "bit_score": 41.5874,
                  "score": 96,
                  "evalue": 0.00105272,
                  "identity": 20,
                  "positive": 20,
                  "query_from": 1,
                  "query_to": 20,
                  "hit_from": 1,
                  "hit_to": 20,
                  "align_len": 20,
                  "gaps": 0,
                  "qseq": "LAFQREGFGRQSMSEKRTKQ",
                  "hseq": "LAFQREGFGRQSMSEKRTKQ",
                  "midline": "LAFQREGFGRQSMSEKRTKQ"
                }
              ]
            },
            {
              "num": 5,
              "description": [
                {
                  "id": "ref|XP_050998621.1|",
                  "accession": "XP_050998621",
                  "title": "partitioning defective 3 homolog, partial [Acomys russatus]",
                  "taxid": 60746,
                  "sciname": "Acomys russatus"
                }
              ],
              "len": 157,
              "hsps": [
                {
                  "num": 1,
                  "bit_score": 44.2838,
                  "score": 103,
                  "evalue": 0.00108986,
                  "identity": 20,
                  "positive": 20,
                  "query_from": 1,
                  "query_to": 20,
                  "hit_from": 78,
                  "hit_to": 97,
                  "align_len": 20,
                  "gaps": 0,
                  "qseq": "LAFQREGFGRQSMSEKRTKQ",
                  "hseq": "LAFQREGFGRQSMSEKRTKQ",
                  "midline": "LAFQREGFGRQSMSEKRTKQ"
                }
              ]
            },
            {
              "num": 6,
              "description": [
                {
                  "id": "gb|MEQ2231125.1|",
                  "accession": "MEQ2231125",
                  "title": "Partitioning defective 3 [Ilyodon furcidens]",
                  "taxid": 33524,
                  "sciname": "Ilyodon furcidens"
                }
              ],
              "len": 136,
              "hsps": [
                {
                  "num": 1,
                  "bit_score": 43.8986,
                  "score": 102,
                  "evalue": 0.00109834,
                  "identity": 20,
                  "positive": 20,
                  "query_from": 1,
                  "query_to": 20,
                  "hit_from": 64,
                  "hit_to": 83,
                  "align_len": 20,
                  "gaps": 0,
                  "qseq": "LAFQREGFGRQSMSEKRTKQ",
                  "hseq": "LAFQREGFGRQSMSEKRTKQ",
                  "midline": "LAFQREGFGRQSMSEKRTKQ"
                }
              ]
            },
            {
              "num": 7,
              "description": [
                {
                  "id": "gb|MEQ2293750.1|",
                  "accession": "MEQ2293750",
                  "title": "Partitioning defective 3 [Ameca splendens]",
                  "taxid": 208324,
                  "sciname": "Ameca splendens"
                }
              ],
              "len": 134,
              "hsps": [
                {
                  "num": 1,
                  "bit_score": 43.5134,
                  "score": 101,
                  "evalue": 0.00118802,
                  "identity": 20,
                  "positive": 20,
                  "query_from": 1,
                  "query_to": 20,
                  "hit_from": 64,
                  "hit_to": 83,
                  "align_len": 20,
                  "gaps": 0,
                  "qseq": "LAFQREGFGRQSMSEKRTKQ",
                  "hseq": "LAFQREGFGRQSMSEKRTKQ",
                  "midline": "LAFQREGFGRQSMSEKRTKQ"
                }
              ]
            },
            {
              "num": 8,
              "description": [
                {
                  "id": "gb|MEQ2186768.1|",
                  "accession": "MEQ2186768",
                  "title": "Partitioning defective 3 [Goodea atripinnis]",
                  "taxid": 208336,
                  "sciname": "Goodea atripinnis"
                }
              ],
              "len": 136,
              "hsps": [
                {
                  "num": 1,
                  "bit_score": 43.5134,
                  "score": 101,
                  "evalue": 0.00126046,
                  "identity": 20,
                  "positive": 20,
                  "query_from": 1,
                  "query_to": 20,
                  "hit_from": 64,
                  "hit_to": 83,
                  "align_len": 20,
                  "gaps": 0,
                  "qseq": "LAFQREGFGRQSMSEKRTKQ",
                  "hseq": "LAFQREGFGRQSMSEKRTKQ",
                  "midline": "LAFQREGFGRQSMSEKRTKQ"
                }
              ]
            },
            {
              "num": 9,
              "description": [
                {
                  "id": "gb|OXB84621.1|",
                  "accession": "OXB84621",
                  "title": "hypothetical protein H355_001098, partial [Colinus virginianus]",
                  "taxid": 9014,
                  "sciname": "Colinus virginianus"
                }
              ],
              "len": 143,
              "hsps": [
                {
                  "num": 1,
                  "bit_score": 43.5134,
                  "score": 101,
                  "evalue": 0.0017227,
                  "identity": 20,
                  "positive": 20,
                  "query_from": 1,
                  "query_to": 20,
                  "hit_from": 10,
                  "hit_to": 29,
                  "align_len": 20,
                  "gaps": 0,
                  "qseq": "LAFQREGFGRQSMSEKRTKQ",
                  "hseq": "LAFQREGFGRQSMSEKRTKQ",
                  "midline": "LAFQREGFGRQSMSEKRTKQ"
                }
              ]
            },
            {
              "num": 10,
              "description": [
                {
                  "id": "ref|XP_044151498.1|",
                  "accession": "XP_044151498",
                  "title": "LOW QUALITY PROTEIN: partitioning defective 3 homolog [Bufo gargarizans]",
                  "taxid": 30331,
                  "sciname": "Bufo gargarizans"
                }
              ],
              "len": 1973,
              "hsps": [
                {
                  "num": 1,
                  "bit_score": 43.5134,
                  "score": 101,
                  "evalue": 0.00263713,
                  "identity": 20,
                  "positive": 20,
                  "query_from": 1,
                  "query_to": 20,
                  "hit_from": 811,
                  "hit_to": 830,
                  "align_len": 20,
                  "gaps": 0,
                  "qseq": "LAFQREGFGRQSMSEKRTKQ",
                  "hseq": "LAFQREGFGRQSMSEKRTKQ",
                  "midline": "LAFQREGFGRQSMSEKRTKQ"
                },
                {
                  "num": 2,
                  "bit_score": 43.5134,
                  "score": 101,
                  "evalue": 0.00263713,
                  "identity": 20,
                  "positive": 20,
                  "query_from": 1,
                  "query_to": 20,
                  "hit_from": 1430,
                  "hit_to": 1449,
                  "align_len": 20,
                  "gaps": 0,
                  "qseq": "LAFQREGFGRQSMSEKRTKQ",
                  "hseq": "LAFQREGFGRQSMSEKRTKQ",
                  "midline": "LAFQREGFGRQSMSEKRTKQ"
                }
              ]
            },
            {
              "num": 11,
              "description": [
                {
                  "id": "ref|XP_063062516.1|",
                  "accession": "XP_063062516",
                  "title": "partitioning defective 3 homolog isoform X3 [Engraulis encrasicolus]",
                  "taxid": 184585,
                  "sciname": "Engraulis encrasicolus"
                }
              ],
              "len": 1481,
              "hsps": [
                {
                  "num": 1,
                  "bit_score": 43.5134,
                  "score": 101,
                  "evalue": 0.00267159,
                  "identity": 20,
                  "positive": 20,
                  "query_from": 1,
                  "query_to": 20,
                  "hit_from": 824,
                  "hit_to": 843,
                  "align_len": 20,
                  "gaps": 0,
                  "qseq": "LAFQREGFGRQSMSEKRTKQ",
                  "hseq": "LAFQREGFGRQSMSEKRTKQ",
                  "midline": "LAFQREGFGRQSMSEKRTKQ"
                }
              ]
            },
            {
              "num": 12,
              "description": [
                {
                  "id": "ref|XP_063778181.1|",
                  "accession": "XP_063778181",
                  "title": "partitioning defective 3 homolog isoform X6 [Pseudophryne corroboree]",
                  "taxid": 495146,
                  "sciname": "Pseudophryne corroboree"
                }
              ],
              "len": 1397,
              "hsps": [
                {
                  "num": 1,
                  "bit_score": 43.5134,
                  "score": 101,
                  "evalue": 0.00272649,
                  "identity": 20,
                  "positive": 20,
                  "query_from": 1,
                  "query_to": 20,
                  "hit_from": 812,
                  "hit_to": 831,
                  "align_len": 20,
                  "gaps": 0,
                  "qseq": "LAFQREGFGRQSMSEKRTKQ",
                  "hseq": "LAFQREGFGRQSMSEKRTKQ",
                  "midline": "LAFQREGFGRQSMSEKRTKQ"
                }
              ]
            },
            {
              "num": 13,
              "description": [
                {
                  "id": "ref|XP_063062514.1|",
                  "accession": "XP_063062514",
                  "title": "partitioning defective 3 homolog isoform X1 [Engraulis encrasicolus]",
                  "taxid": 184585,
                  "sciname": "Engraulis encrasicolus"
                }
              ],
              "len": 1523,
              "hsps": [
                {
                  "num": 1,
                  "bit_score": 43.5134,
                  "score": 101,
                  "evalue": 0.00277725,
                  "identity": 20,
                  "positive": 20,
                  "query_from": 1,
                  "query_to": 20,
                  "hit_from": 866,
                  "hit_to": 885,
                  "align_len": 20,
                  "gaps": 0,
                  "qseq": "LAFQREGFGRQSMSEKRTKQ",
                  "hseq": "LAFQREGFGRQSMSEKRTKQ",
                  "midline": "LAFQREGFGRQSMSEKRTKQ"
                }
              ]
            },
            {
              "num": 14,
              "description": [
                {
                  "id": "ref|XP_063062515.1|",
                  "accession": "XP_063062515",
                  "title": "partitioning defective 3 homolog isoform X2 [Engraulis encrasicolus]",
                  "taxid": 184585,
                  "sciname": "Engraulis encrasicolus"
                }
              ],
              "len": 1508,
              "hsps": [
                {
                  "num": 1,
                  "bit_score": 43.5134,
                  "score": 101,
                  "evalue": 0.0027776,
                  "identity": 20,
                  "positive": 20,
                  "query_from": 1,
                  "query_to": 20,
                  "hit_from": 866,
                  "hit_to": 885,
                  "align_len": 20,
                  "gaps": 0,
                  "qseq": "LAFQREGFGRQSMSEKRTKQ",
                  "hseq": "LAFQREGFGRQSMSEKRTKQ",
                  "midline": "LAFQREGFGRQSMSEKRTKQ"
                }
              ]
            },
            {
              "num": 15,
              "description": [
                {
                  "id": "ref|XP_063778176.1|",
                  "accession": "XP_063778176",
                  "title": "partitioning defective 3 homolog isoform X1 [Pseudophryne corroboree]",
                  "taxid": 495146,
                  "sciname": "Pseudophryne corroboree"
                }
              ],
              "len": 1413,
              "hsps": [
                {
                  "num": 1,
                  "bit_score": 43.5134,
                  "score": 101,
                  "evalue": 0.00277994,
                  "identity": 20,
                  "positive": 20,
                  "query_from": 1,
                  "query_to": 20,
                  "hit_from": 812,
                  "hit_to": 831,
                  "align_len": 20,
                  "gaps": 0,
                  "qseq": "LAFQREGFGRQSMSEKRTKQ",
                  "hseq": "LAFQREGFGRQSMSEKRTKQ",
                  "midline": "LAFQREGFGRQSMSEKRTKQ"
                }
              ]
            },
            {
              "num": 16,
              "description": [
                {
                  "id": "ref|XP_063778178.1|",
                  "accession": "XP_063778178",
                  "title": "partitioning defective 3 homolog isoform X3 [Pseudophryne corroboree]",
                  "taxid": 495146,
                  "sciname": "Pseudophryne corroboree"
                }
              ],
              "len": 1408,
              "hsps": [
                {
                  "num": 1,
                  "bit_score": 43.5134,
                  "score": 101,
                  "evalue": 0.00278008,
                  "identity": 20,
                  "positive": 20,
                  "query_from": 1,
                  "query_to": 20,
                  "hit_from": 812,
                  "hit_to": 831,
                  "align_len": 20,
                  "gaps": 0,
                  "qseq": "LAFQREGFGRQSMSEKRTKQ",
                  "hseq": "LAFQREGFGRQSMSEKRTKQ",
                  "midline": "LAFQREGFGRQSMSEKRTKQ"
                }
              ]
            },
            {
              "num": 17,
              "description": [
                {
                  "id": "ref|XP_063778179.1|",
                  "accession": "XP_063778179",
                  "title": "partitioning defective 3 homolog isoform X4 [Pseudophryne corroboree]",
                  "taxid": 495146,
                  "sciname": "Pseudophryne corroboree"
                }
              ],
              "len": 1400,
              "hsps": [
                {
                  "num": 1,
                  "bit_score": 43.5134,
                  "score": 101,
                  "evalue": 0.00278029,
                  "identity": 20,
                  "positive": 20,
                  "query_from": 1,
                  "query_to": 20,
                  "hit_from": 812,
                  "hit_to": 831,
                  "align_len": 20,
                  "gaps": 0,
                  "qseq": "LAFQREGFGRQSMSEKRTKQ",
                  "hseq": "LAFQREGFGRQSMSEKRTKQ",
                  "midline": "LAFQREGFGRQSMSEKRTKQ"
                }
              ]
            },
            {
              "num": 18,
              "description": [
                {
                  "id": "ref|XP_063778177.1|",
                  "accession": "XP_063778177",
                  "title": "partitioning defective 3 homolog isoform X2 [Pseudophryne corroboree]",
                  "taxid": 495146,
                  "sciname": "Pseudophryne corroboree"
                }
              ],
              "len": 1412,
              "hsps": [
                {
                  "num": 1,
                  "bit_score": 43.5134,
                  "score": 101,
                  "evalue": 0.00283491,
                  "identity": 20,
                  "positive": 20,
                  "query_from": 1,
                  "query_to": 20,
                  "hit_from": 812,
                  "hit_to": 831,
                  "align_len": 20,
                  "gaps": 0,
                  "qseq": "LAFQREGFGRQSMSEKRTKQ",
                  "hseq": "LAFQREGFGRQSMSEKRTKQ",
                  "midline": "LAFQREGFGRQSMSEKRTKQ"
                }
              ]
            },
            {
              "num": 19,
              "description": [
                {
                  "id": "ref|XP_026230551.1|",
                  "accession": "XP_026230551",
                  "title": "partitioning defective 3 homolog isoform X1 [Anabas testudineus]",
                  "taxid": 64144,
                  "sciname": "Anabas testudineus"
                }
              ],
              "len": 1409,
              "hsps": [
                {
                  "num": 1,
                  "bit_score": 43.5134,
                  "score": 101,
                  "evalue": 0.00289102,
                  "identity": 20,
                  "positive": 20,
                  "query_from": 1,
                  "query_to": 20,
                  "hit_from": 838,
                  "hit_to": 857,
                  "align_len": 20,
                  "gaps": 0,
                  "qseq": "LAFQREGFGRQSMSEKRTKQ",
                  "hseq": "LAFQREGFGRQSMSEKRTKQ",
                  "midline": "LAFQREGFGRQSMSEKRTKQ"
                }
              ]
            },
            {
              "num": 20,
              "description": [
                {
                  "id": "ref|XP_040208577.1|",
                  "accession": "XP_040208577",
                  "title": "partitioning defective 3 homolog isoform X5 [Rana temporaria]",
                  "taxid": 8407,
                  "sciname": "Rana temporaria"
                }
              ],
              "len": 1397,
              "hsps": [
                {
                  "num": 1,
                  "bit_score": 43.5134,
                  "score": 101,
                  "evalue": 0.00289135,
                  "identity": 20,
                  "positive": 20,
                  "query_from": 1,
                  "query_to": 20,
                  "hit_from": 816,
                  "hit_to": 835,
                  "align_len": 20,
                  "gaps": 0,
                  "qseq": "LAFQREGFGRQSMSEKRTKQ",
                  "hseq": "LAFQREGFGRQSMSEKRTKQ",
                  "midline": "LAFQREGFGRQSMSEKRTKQ"
                }
              ]
            },
            {
              "num": 21,
              "description": [
                {
                  "id": "ref|XP_040208573.1|",
                  "accession": "XP_040208573",
                  "title": "partitioning defective 3 homolog isoform X1 [Rana temporaria]",
                  "taxid": 8407,
                  "sciname": "Rana temporaria"
                }
              ],
              "len": 1426,
              "hsps": [
                {
                  "num": 1,
                  "bit_score": 43.5134,
                  "score": 101,
                  "evalue": 0.00291898,
                  "identity": 20,
                  "positive": 20,
                  "query_from": 1,
                  "query_to": 20,
                  "hit_from": 816,
                  "hit_to": 835,
                  "align_len": 20,
                  "gaps": 0,
                  "qseq": "LAFQREGFGRQSMSEKRTKQ",
                  "hseq": "LAFQREGFGRQSMSEKRTKQ",
                  "midline": "LAFQREGFGRQSMSEKRTKQ"
                }
              ]
            },
            {
              "num": 22,
              "description": [
                {
                  "id": "ref|XP_040208575.1|",
                  "accession": "XP_040208575",
                  "title": "partitioning defective 3 homolog isoform X3 [Rana temporaria]",
                  "taxid": 8407,
                  "sciname": "Rana temporaria"
                }
              ],
              "len": 1410,
              "hsps": [
                {
                  "num": 1,
                  "bit_score": 43.5134,
                  "score": 101,
                  "evalue": 0.00291942,
                  "identity": 20,
                  "positive": 20,
                  "query_from": 1,
                  "query_to": 20,
                  "hit_from": 816,
                  "hit_to": 835,
                  "align_len": 20,
                  "gaps": 0,
                  "qseq": "LAFQREGFGRQSMSEKRTKQ",
                  "hseq": "LAFQREGFGRQSMSEKRTKQ",
                  "midline": "LAFQREGFGRQSMSEKRTKQ"
                }
              ]
            },
            {
              "num": 23,
              "description": [
                {
                  "id": "ref|XP_063778180.1|",
                  "accession": "XP_063778180",
                  "title": "partitioning defective 3 homolog isoform X5 [Pseudophryne corroboree]",
                  "taxid": 495146,
                  "sciname": "Pseudophryne corroboree"
                }
              ],
              "len": 1398,
              "hsps": [
                {
                  "num": 1,
                  "bit_score": 43.5134,
                  "score": 101,
                  "evalue": 0.00291975,
                  "identity": 20,
                  "positive": 20,
                  "query_from": 1,
                  "query_to": 20,
                  "hit_from": 812,
                  "hit_to": 831,
                  "align_len": 20,
                  "gaps": 0,
                  "qseq": "LAFQREGFGRQSMSEKRTKQ",
                  "hseq": "LAFQREGFGRQSMSEKRTKQ",
                  "midline": "LAFQREGFGRQSMSEKRTKQ"
                }
              ]
            },
            {
              "num": 24,
              "description": [
                {
                  "id": "ref|XP_040208578.1|",
                  "accession": "XP_040208578",
                  "title": "partitioning defective 3 homolog isoform X6 [Rana temporaria]",
                  "taxid": 8407,
                  "sciname": "Rana temporaria"
                }
              ],
              "len": 1395,
              "hsps": [
                {
                  "num": 1,
                  "bit_score": 43.5134,
                  "score": 101,
                  "evalue": 0.00291984,
                  "identity": 20,
                  "positive": 20,
                  "query_from": 1,
                  "query_to": 20,
                  "hit_from": 816,
                  "hit_to": 835,
                  "align_len": 20,
                  "gaps": 0,
                  "qseq": "LAFQREGFGRQSMSEKRTKQ",
                  "hseq": "LAFQREGFGRQSMSEKRTKQ",
                  "midline": "LAFQREGFGRQSMSEKRTKQ"
                }
              ]
            },
            {
              "num": 25,
              "description": [
                {
                  "id": "ref|XP_040208576.1|",
                  "accession": "XP_040208576",
                  "title": "partitioning defective 3 homolog isoform X4 [Rana temporaria]",
                  "taxid": 8407,
                  "sciname": "Rana temporaria"
                }
              ],
              "len": 1410,
              "hsps": [
                {
                  "num": 1,
                  "bit_score": 43.5134,
                  "score": 101,
                  "evalue": 0.00294812,
                  "identity": 20,
                  "positive": 20,
                  "query_from": 1,
                  "query_to": 20,
                  "hit_from": 816,
                  "hit_to": 835,
                  "align_len": 20,
                  "gaps": 0,
                  "qseq": "LAFQREGFGRQSMSEKRTKQ",
                  "hseq": "LAFQREGFGRQSMSEKRTKQ",
                  "midline": "LAFQREGFGRQSMSEKRTKQ"
                }
              ]
            },
            {
              "num": 26,
              "description": [
                {
                  "id": "ref|XP_026230552.1|",
                  "accession": "XP_026230552",
                  "title": "partitioning defective 3 homolog isoform X2 [Anabas testudineus]",
                  "taxid": 64144,
                  "sciname": "Anabas testudineus"
                }
              ],
              "len": 1408,
              "hsps": [
                {
                  "num": 1,
                  "bit_score": 43.5134,
                  "score": 101,
                  "evalue": 0.00294818,
                  "identity": 20,
                  "positive": 20,
                  "query_from": 1,
                  "query_to": 20,
                  "hit_from": 837,
                  "hit_to": 856,
                  "align_len": 20,
                  "gaps": 0,
                  "qseq": "LAFQREGFGRQSMSEKRTKQ",
                  "hseq": "LAFQREGFGRQSMSEKRTKQ",
                  "midline": "LAFQREGFGRQSMSEKRTKQ"
                }
              ]
            },
            {
              "num": 27,
              "description": [
                {
                  "id": "ref|XP_019508149.1|",
                  "accession": "XP_019508149",
                  "title": "PREDICTED: partitioning defective 3 homolog [Hipposideros armiger]",
                  "taxid": 186990,
                  "sciname": "Hipposideros armiger"
                }
              ],
              "len": 1403,
              "hsps": [
                {
                  "num": 1,
                  "bit_score": 43.5134,
                  "score": 101,
                  "evalue": 0.00294832,
                  "identity": 20,
                  "positive": 20,
                  "query_from": 1,
                  "query_to": 20,
                  "hit_from": 896,
                  "hit_to": 915,
                  "align_len": 20,
                  "gaps": 0,
                  "qseq": "LAFQREGFGRQSMSEKRTKQ",
                  "hseq": "LAFQREGFGRQSMSEKRTKQ",
                  "midline": "LAFQREGFGRQSMSEKRTKQ"
                }
              ]
            },
            {
              "num": 28,
              "description": [
                {
                  "id": "ref|XP_026230556.1|",
                  "accession": "XP_026230556",
                  "title": "partitioning defective 3 homolog isoform X6 [Anabas testudineus]",
                  "taxid": 64144,
                  "sciname": "Anabas testudineus"
                }
              ],
              "len": 1393,
              "hsps": [
                {
                  "num": 1,
                  "bit_score": 43.5134,
                  "score": 101,
                  "evalue": 0.00300688,
                  "identity": 20,
                  "positive": 20,
                  "query_from": 1,
                  "query_to": 20,
                  "hit_from": 822,
                  "hit_to": 841,
                  "align_len": 20,
                  "gaps": 0,
                  "qseq": "LAFQREGFGRQSMSEKRTKQ",
                  "hseq": "LAFQREGFGRQSMSEKRTKQ",
                  "midline": "LAFQREGFGRQSMSEKRTKQ"
                }
              ]
            },
            {
              "num": 29,
              "description": [
                {
                  "id": "ref|XP_026230553.1|",
                  "accession": "XP_026230553",
                  "title": "partitioning defective 3 homolog isoform X3 [Anabas testudineus]",
                  "taxid": 64144,
                  "sciname": "Anabas testudineus"
                }
              ],
              "len": 1397,
              "hsps": [
                {
                  "num": 1,
                  "bit_score": 43.5134,
                  "score": 101,
                  "evalue": 0.00303633,
                  "identity": 20,
                  "positive": 20,
                  "query_from": 1,
                  "query_to": 20,
                  "hit_from": 826,
                  "hit_to": 845,
                  "align_len": 20,
                  "gaps": 0,
                  "qseq": "LAFQREGFGRQSMSEKRTKQ",
                  "hseq": "LAFQREGFGRQSMSEKRTKQ",
                  "midline": "LAFQREGFGRQSMSEKRTKQ"
                }
              ]
            },
            {
              "num": 30,
              "description": [
                {
                  "id": "ref|XP_026230554.1|",
                  "accession": "XP_026230554",
                  "title": "partitioning defective 3 homolog isoform X4 [Anabas testudineus]",
                  "taxid": 64144,
                  "sciname": "Anabas testudineus"
                }
              ],
              "len": 1396,
              "hsps": [
                {
                  "num": 1,
                  "bit_score": 43.5134,
                  "score": 101,
                  "evalue": 0.00303636,
                  "identity": 20,
                  "positive": 20,
                  "query_from": 1,
                  "query_to": 20,
                  "hit_from": 825,
                  "hit_to": 844,
                  "align_len": 20,
                  "gaps": 0,
                  "qseq": "LAFQREGFGRQSMSEKRTKQ",
                  "hseq": "LAFQREGFGRQSMSEKRTKQ",
                  "midline": "LAFQREGFGRQSMSEKRTKQ"
                }
              ]
            },
            {
              "num": 31,
              "description": [
                {
                  "id": "ref|XP_026230555.1|",
                  "accession": "XP_026230555",
                  "title": "partitioning defective 3 homolog isoform X5 [Anabas testudineus]",
                  "taxid": 64144,
                  "sciname": "Anabas testudineus"
                }
              ],
              "len": 1394,
              "hsps": [
                {
                  "num": 1,
                  "bit_score": 43.5134,
                  "score": 101,
                  "evalue": 0.00303642,
                  "identity": 20,
                  "positive": 20,
                  "query_from": 1,
                  "query_to": 20,
                  "hit_from": 838,
                  "hit_to": 857,
                  "align_len": 20,
                  "gaps": 0,
                  "qseq": "LAFQREGFGRQSMSEKRTKQ",
                  "hseq": "LAFQREGFGRQSMSEKRTKQ",
                  "midline": "LAFQREGFGRQSMSEKRTKQ"
                }
              ]
            },
            {
              "num": 32,
              "description": [
                {
                  "id": "ref|XP_047225345.1|",
                  "accession": "XP_047225345",
                  "title": "par-3 family cell polarity regulator alpha, b isoform X1 [Girardinichthys multiradiatus]",
                  "taxid": 208333,
                  "sciname": "Girardinichthys multiradiatus"
                }
              ],
              "len": 1394,
              "hsps": [
                {
                  "num": 1,
                  "bit_score": 43.5134,
                  "score": 101,
                  "evalue": 0.00303642,
                  "identity": 20,
                  "positive": 20,
                  "query_from": 1,
                  "query_to": 20,
                  "hit_from": 823,
                  "hit_to": 842,
                  "align_len": 20,
                  "gaps": 0,
                  "qseq": "LAFQREGFGRQSMSEKRTKQ",
                  "hseq": "LAFQREGFGRQSMSEKRTKQ",
                  "midline": "LAFQREGFGRQSMSEKRTKQ"
                }
              ]
            },
            {
              "num": 33,
              "description": [
                {
                  "id": "ref|XP_040208574.1|",
                  "accession": "XP_040208574",
                  "title": "partitioning defective 3 homolog isoform X2 [Rana temporaria]",
                  "taxid": 8407,
                  "sciname": "Rana temporaria"
                }
              ],
              "len": 1411,
              "hsps": [
                {
                  "num": 1,
                  "bit_score": 43.5134,
                  "score": 101,
                  "evalue": 0.00306577,
                  "identity": 20,
                  "positive": 20,
                  "query_from": 1,
                  "query_to": 20,
                  "hit_from": 816,
                  "hit_to": 835,
                  "align_len": 20,
                  "gaps": 0,
                  "qseq": "LAFQREGFGRQSMSEKRTKQ",
                  "hseq": "LAFQREGFGRQSMSEKRTKQ",
                  "midline": "LAFQREGFGRQSMSEKRTKQ"
                }
              ]
            },
            {
              "num": 34,
              "description": [
                {
                  "id": "ref|XP_030623225.1|",
                  "accession": "XP_030623225",
                  "title": "LOW QUALITY PROTEIN: partitioning defective 3 homolog [Chanos chanos]",
                  "taxid": 29144,
                  "sciname": "Chanos chanos"
                }
              ],
              "len": 1403,
              "hsps": [
                {
                  "num": 1,
                  "bit_score": 43.5134,
                  "score": 101,
                  "evalue": 0.0031266,
                  "identity": 20,
                  "positive": 20,
                  "query_from": 1,
                  "query_to": 20,
                  "hit_from": 828,
                  "hit_to": 847,
                  "align_len": 20,
                  "gaps": 0,
                  "qseq": "LAFQREGFGRQSMSEKRTKQ",
                  "hseq": "LAFQREGFGRQSMSEKRTKQ",
                  "midline": "LAFQREGFGRQSMSEKRTKQ"
                }
              ]
            },
            {
              "num": 35,
              "description": [
                {
                  "id": "ref|XP_065442851.1|",
                  "accession": "XP_065442851",
                  "title": "partitioning defective 3 homolog isoform X2 [Chrysemys picta bellii]",
                  "taxid": 8478,
                  "sciname": "Chrysemys picta bellii"
                }
              ],
              "len": 1398,
              "hsps": [
                {
                  "num": 1,
                  "bit_score": 43.5134,
                  "score": 101,
                  "evalue": 0.0032199,
                  "identity": 20,
                  "positive": 20,
                  "query_from": 1,
                  "query_to": 20,
                  "hit_from": 859,
                  "hit_to": 878,
                  "align_len": 20,
                  "gaps": 0,
                  "qseq": "LAFQREGFGRQSMSEKRTKQ",
                  "hseq": "LAFQREGFGRQSMSEKRTKQ",
                  "midline": "LAFQREGFGRQSMSEKRTKQ"
                }
              ]
            },
            {
              "num": 36,
              "description": [
                {
                  "id": "ref|XP_045322879.1|",
                  "accession": "XP_045322879",
                  "title": "partitioning defective 3 homolog isoform X2 [Leopardus geoffroyi]",
                  "taxid": 46844,
                  "sciname": "Leopardus geoffroyi"
                }
              ],
              "len": 1419,
              "hsps": [
                {
                  "num": 1,
                  "bit_score": 43.5134,
                  "score": 101,
                  "evalue": 0.00325091,
                  "identity": 20,
                  "positive": 20,
                  "query_from": 1,
                  "query_to": 20,
                  "hit_from": 879,
                  "hit_to": 898,
                  "align_len": 20,
                  "gaps": 0,
                  "qseq": "LAFQREGFGRQSMSEKRTKQ",
                  "hseq": "LAFQREGFGRQSMSEKRTKQ",
                  "midline": "LAFQREGFGRQSMSEKRTKQ"
                }
              ]
            },
            {
              "num": 37,
              "description": [
                {
                  "id": "ref|XP_045322880.1|",
                  "accession": "XP_045322880",
                  "title": "partitioning defective 3 homolog isoform X3 [Leopardus geoffroyi]",
                  "taxid": 46844,
                  "sciname": "Leopardus geoffroyi"
                }
              ],
              "len": 1417,
              "hsps": [
                {
                  "num": 1,
                  "bit_score": 43.5134,
                  "score": 101,
                  "evalue": 0.00325097,
                  "identity": 20,
                  "positive": 20,
                  "query_from": 1,
                  "query_to": 20,
                  "hit_from": 876,
                  "hit_to": 895,
                  "align_len": 20,
                  "gaps": 0,
                  "qseq": "LAFQREGFGRQSMSEKRTKQ",
                  "hseq": "LAFQREGFGRQSMSEKRTKQ",
                  "midline": "LAFQREGFGRQSMSEKRTKQ"
                }
              ]
            },
            {
              "num": 38,
              "description": [
                {
                  "id": "ref|XP_045322881.1|",
                  "accession": "XP_045322881",
                  "title": "partitioning defective 3 homolog isoform X4 [Leopardus geoffroyi]",
                  "taxid": 46844,
                  "sciname": "Leopardus geoffroyi"
                }
              ],
              "len": 1416,
              "hsps": [
                {
                  "num": 1,
                  "bit_score": 43.5134,
                  "score": 101,
                  "evalue": 0.003251,
                  "identity": 20,
                  "positive": 20,
                  "query_from": 1,
                  "query_to": 20,
                  "hit_from": 876,
                  "hit_to": 895,
                  "align_len": 20,
                  "gaps": 0,
                  "qseq": "LAFQREGFGRQSMSEKRTKQ",
                  "hseq": "LAFQREGFGRQSMSEKRTKQ",
                  "midline": "LAFQREGFGRQSMSEKRTKQ"
                }
              ]
            },
            {
              "num": 39,
              "description": [
                {
                  "id": "ref|XP_040306943.1|",
                  "accession": "XP_040306943",
                  "title": "partitioning defective 3 homolog isoform X8 [Puma yagouaroundi]",
                  "taxid": 1608482,
                  "sciname": "Puma yagouaroundi"
                }
              ],
              "len": 1392,
              "hsps": [
                {
                  "num": 1,
                  "bit_score": 43.5134,
                  "score": 101,
                  "evalue": 0.00325175,
                  "identity": 20,
                  "positive": 20,
                  "query_from": 1,
                  "query_to": 20,
                  "hit_from": 851,
                  "hit_to": 870,
                  "align_len": 20,
                  "gaps": 0,
                  "qseq": "LAFQREGFGRQSMSEKRTKQ",
                  "hseq": "LAFQREGFGRQSMSEKRTKQ",
                  "midline": "LAFQREGFGRQSMSEKRTKQ"
                }
              ]
            },
            {
              "num": 40,
              "description": [
                {
                  "id": "ref|XP_065442849.1|",
                  "accession": "XP_065442849",
                  "title": "partitioning defective 3 homolog isoform X1 [Chrysemys picta bellii]",
                  "taxid": 8478,
                  "sciname": "Chrysemys picta bellii"
                }
              ],
              "len": 1399,
              "hsps": [
                {
                  "num": 1,
                  "bit_score": 43.5134,
                  "score": 101,
                  "evalue": 0.0032835,
                  "identity": 20,
                  "positive": 20,
                  "query_from": 1,
                  "query_to": 20,
                  "hit_from": 859,
                  "hit_to": 878,
                  "align_len": 20,
                  "gaps": 0,
                  "qseq": "LAFQREGFGRQSMSEKRTKQ",
                  "hseq": "LAFQREGFGRQSMSEKRTKQ",
                  "midline": "LAFQREGFGRQSMSEKRTKQ"
                }
              ]
            },
            {
              "num": 41,
              "description": [
                {
                  "id": "ref|XP_045322878.1|",
                  "accession": "XP_045322878",
                  "title": "partitioning defective 3 homolog isoform X1 [Leopardus geoffroyi]",
                  "taxid": 46844,
                  "sciname": "Leopardus geoffroyi"
                }
              ],
              "len": 1420,
              "hsps": [
                {
                  "num": 1,
                  "bit_score": 43.5134,
                  "score": 101,
                  "evalue": 0.00331513,
                  "identity": 20,
                  "positive": 20,
                  "query_from": 1,
                  "query_to": 20,
                  "hit_from": 879,
                  "hit_to": 898,
                  "align_len": 20,
                  "gaps": 0,
                  "qseq": "LAFQREGFGRQSMSEKRTKQ",
                  "hseq": "LAFQREGFGRQSMSEKRTKQ",
                  "midline": "LAFQREGFGRQSMSEKRTKQ"
                }
              ]
            },
            {
              "num": 42,
              "description": [
                {
                  "id": "ref|XP_040306936.1|",
                  "accession": "XP_040306936",
                  "title": "partitioning defective 3 homolog isoform X1 [Puma yagouaroundi]",
                  "taxid": 1608482,
                  "sciname": "Puma yagouaroundi"
                }
              ],
              "len": 1420,
              "hsps": [
                {
                  "num": 1,
                  "bit_score": 43.5134,
                  "score": 101,
                  "evalue": 0.00331513,
                  "identity": 20,
                  "positive": 20,
                  "query_from": 1,
                  "query_to": 20,
                  "hit_from": 879,
                  "hit_to": 898,
                  "align_len": 20,
                  "gaps": 0,
                  "qseq": "LAFQREGFGRQSMSEKRTKQ",
                  "hseq": "LAFQREGFGRQSMSEKRTKQ",
                  "midline": "LAFQREGFGRQSMSEKRTKQ"
                }
              ]
            },
            {
              "num": 43,
              "description": [
                {
                  "id": "ref|XP_026929576.1|",
                  "accession": "XP_026929576",
                  "title": "partitioning defective 3 homolog isoform X1 [Acinonyx jubatus]",
                  "taxid": 32536,
                  "sciname": "Acinonyx jubatus"
                }
              ],
              "len": 1420,
              "hsps": [
                {
                  "num": 1,
                  "bit_score": 43.5134,
                  "score": 101,
                  "evalue": 0.00331513,
                  "identity": 20,
                  "positive": 20,
                  "query_from": 1,
                  "query_to": 20,
                  "hit_from": 879,
                  "hit_to": 898,
                  "align_len": 20,
                  "gaps": 0,
                  "qseq": "LAFQREGFGRQSMSEKRTKQ",
                  "hseq": "LAFQREGFGRQSMSEKRTKQ",
                  "midline": "LAFQREGFGRQSMSEKRTKQ"
                }
              ]
            },
            {
              "num": 44,
              "description": [
                {
                  "id": "ref|XP_026929577.1|",
                  "accession": "XP_026929577",
                  "title": "partitioning defective 3 homolog isoform X2 [Acinonyx jubatus]",
                  "taxid": 32536,
                  "sciname": "Acinonyx jubatus"
                }
              ],
              "len": 1419,
              "hsps": [
                {
                  "num": 1,
                  "bit_score": 43.5134,
                  "score": 101,
                  "evalue": 0.00331516,
                  "identity": 20,
                  "positive": 20,
                  "query_from": 1,
                  "query_to": 20,
                  "hit_from": 879,
                  "hit_to": 898,
                  "align_len": 20,
                  "gaps": 0,
                  "qseq": "LAFQREGFGRQSMSEKRTKQ",
                  "hseq": "LAFQREGFGRQSMSEKRTKQ",
                  "midline": "LAFQREGFGRQSMSEKRTKQ"
                }
              ]
            },
            {
              "num": 45,
              "description": [
                {
                  "id": "ref|XP_040306937.1|",
                  "accession": "XP_040306937",
                  "title": "partitioning defective 3 homolog isoform X2 [Puma yagouaroundi]",
                  "taxid": 1608482,
                  "sciname": "Puma yagouaroundi"
                }
              ],
              "len": 1419,
              "hsps": [
                {
                  "num": 1,
                  "bit_score": 43.5134,
                  "score": 101,
                  "evalue": 0.00331516,
                  "identity": 20,
                  "positive": 20,
                  "query_from": 1,
                  "query_to": 20,
                  "hit_from": 879,
                  "hit_to": 898,
                  "align_len": 20,
                  "gaps": 0,
                  "qseq": "LAFQREGFGRQSMSEKRTKQ",
                  "hseq": "LAFQREGFGRQSMSEKRTKQ",
                  "midline": "LAFQREGFGRQSMSEKRTKQ"
                }
              ]
            },
            {
              "num": 46,
              "description": [
                {
                  "id": "ref|XP_026929579.1|",
                  "accession": "XP_026929579",
                  "title": "partitioning defective 3 homolog isoform X3 [Acinonyx jubatus]",
                  "taxid": 32536,
                  "sciname": "Acinonyx jubatus"
                }
              ],
              "len": 1417,
              "hsps": [
                {
                  "num": 1,
                  "bit_score": 43.5134,
                  "score": 101,
                  "evalue": 0.00331522,
                  "identity": 20,
                  "positive": 20,
                  "query_from": 1,
                  "query_to": 20,
                  "hit_from": 876,
                  "hit_to": 895,
                  "align_len": 20,
                  "gaps": 0,
                  "qseq": "LAFQREGFGRQSMSEKRTKQ",
                  "hseq": "LAFQREGFGRQSMSEKRTKQ",
                  "midline": "LAFQREGFGRQSMSEKRTKQ"
                }
              ]
            },
            {
              "num": 47,
              "description": [
                {
                  "id": "ref|XP_040306938.1|",
                  "accession": "XP_040306938",
                  "title": "partitioning defective 3 homolog isoform X3 [Puma yagouaroundi]",
                  "taxid": 1608482,
                  "sciname": "Puma yagouaroundi"
                }
              ],
              "len": 1417,
              "hsps": [
                {
                  "num": 1,
                  "bit_score": 43.5134,
                  "score": 101,
                  "evalue": 0.00331522,
                  "identity": 20,
                  "positive": 20,
                  "query_from": 1,
                  "query_to": 20,
                  "hit_from": 876,
                  "hit_to": 895,
                  "align_len": 20,
                  "gaps": 0,
                  "qseq": "LAFQREGFGRQSMSEKRTKQ",
                  "hseq": "LAFQREGFGRQSMSEKRTKQ",
                  "midline": "LAFQREGFGRQSMSEKRTKQ"
                }
              ]
            },
            {
              "num": 48,
              "description": [
                {
                  "id": "ref|XP_026929580.1|",
                  "accession": "XP_026929580",
                  "title": "partitioning defective 3 homolog isoform X4 [Acinonyx jubatus]",
                  "taxid": 32536,
                  "sciname": "Acinonyx jubatus"
                }
              ],
              "len": 1407,
              "hsps": [
                {
                  "num": 1,
                  "bit_score": 43.5134,
                  "score": 101,
                  "evalue": 0.00331554,
                  "identity": 20,
                  "positive": 20,
                  "query_from": 1,
                  "query_to": 20,
                  "hit_from": 866,
                  "hit_to": 885,
                  "align_len": 20,
                  "gaps": 0,
                  "qseq": "LAFQREGFGRQSMSEKRTKQ",
                  "hseq": "LAFQREGFGRQSMSEKRTKQ",
                  "midline": "LAFQREGFGRQSMSEKRTKQ"
                }
              ]
            },
            {
              "num": 49,
              "description": [
                {
                  "id": "ref|XP_040306939.1|",
                  "accession": "XP_040306939",
                  "title": "partitioning defective 3 homolog isoform X4 [Puma yagouaroundi]",
                  "taxid": 1608482,
                  "sciname": "Puma yagouaroundi"
                }
              ],
              "len": 1407,
              "hsps": [
                {
                  "num": 1,
                  "bit_score": 43.5134,
                  "score": 101,
                  "evalue": 0.00331554,
                  "identity": 20,
                  "positive": 20,
                  "query_from": 1,
                  "query_to": 20,
                  "hit_from": 866,
                  "hit_to": 885,
                  "align_len": 20,
                  "gaps": 0,
                  "qseq": "LAFQREGFGRQSMSEKRTKQ",
                  "hseq": "LAFQREGFGRQSMSEKRTKQ",
                  "midline": "LAFQREGFGRQSMSEKRTKQ"
                }
              ]
            },
            {
              "num": 50,
              "description": [
                {
                  "id": "ref|XP_026929581.1|",
                  "accession": "XP_026929581",
                  "title": "partitioning defective 3 homolog isoform X5 [Acinonyx jubatus]",
                  "taxid": 32536,
                  "sciname": "Acinonyx jubatus"
                }
              ],
              "len": 1406,
              "hsps": [
                {
                  "num": 1,
                  "bit_score": 43.5134,
                  "score": 101,
                  "evalue": 0.00331557,
                  "identity": 20,
                  "positive": 20,
                  "query_from": 1,
                  "query_to": 20,
                  "hit_from": 866,
                  "hit_to": 885,
                  "align_len": 20,
                  "gaps": 0,
                  "qseq": "LAFQREGFGRQSMSEKRTKQ",
                  "hseq": "LAFQREGFGRQSMSEKRTKQ",
                  "midline": "LAFQREGFGRQSMSEKRTKQ"
                }
              ]
            }
          ],
          "stat": {
            "db_num": 779777264,
            "db_len": 298971289230,
            "hsp_len": 0,
            "eff_space": 5979425784600,
            "kappa": 0.041,
            "lambda": 0.267,
            "entropy": 0.14
          }
        }
      }
    }
  }
}
